{
  "adj_R2": 0.2183848932549205,
  "RMSE": 14.531367202255552,
  "n": 3090,
  "years": [
    2015,
    2024
  ]
}