accuracy,roc_auc,n
0.9903381642512077,0.6953062330623306,3105
