model,k_predictors,adj_R2,RMSE,n_obs
Baseline OLS,5,0.418501979167897,2.3381347753296184,3083
OLS + State FE,5,0.6019143271347821,1.934566640578486,3083
