feature,VIF
median_income,3.8900591723089954
poverty_rate,2.9224504023213744
unemployment_rate,1.5289673274911995
pct_bachelors,2.284450125192942
log_pop,1.5034044527857635
