model,k_predictors,adj_R2,RMSE_log,n_obs
Baseline OLS,5,0.45024787162944,0.41693140311544624,3104
OLS + State FE,5,0.5002357809180922,0.3943033817612188,3104
